/* Database Systems, Coronel/Morris */
/* Type of SQL: MySQL  */
CREATE DATBASE FINAL;
USING DATABASE FINAL;
CREATE TABLE USER (
    User_id INT PRIMARY KEY,
    User_name VARCHAR(255) NOT NULL,
    Email VARCHAR(255) NOT NULL,
    Password VARCHAR(255) NOT NULL,
    Phone_number VARCHAR(50),
    Address TEXT,
    Created_at DATETIME DEFAULT CURRENT_TIMESTAMP,
    Verified_status ENUM('Pending', 'Verified', 'Rejected') NOT NULL
);

INSERT INTO USER (User_id, User_name, Email, Password, Phone_number, Address, Created_at, Verified_status)
VALUES
(1, 'Alice Smith', 'alice.smith@example.com', '123456', '123456789', '123 Tech Avenue, Silicon Valley, CA', '2024-11-30 02:08:23', 'Pending'),
(2, 'Bob Johnson', 'bob.johnson@example.com', '987654', '987654321', '456 Fashion Street, New York, NY', '2024-12-01 02:08:23', 'Verified'),
(3, 'Charlie Brown', 'charlie.brown@example.com', '345678', '345678901', '789 Home Road, Los Angeles, CA', '2024-12-02 02:08:23', 'Verified'),
(4, 'David White', 'david.white@example.com', '567890', '567890123', '101 Book Lane, Chicago, IL', '2024-12-03 02:08:23', 'Verified'),
(5, 'Eva Green', 'eva.green@example.com', '789012', '789012345', '202 Beauty Blvd, Miami, FL', '2024-12-04 02:08:23', 'Verified'),
(6, 'Grave Ivan', 'grave.ivan@example.com', '836142', '836142570', '790 Home Road, Los Angeles, CA', '2024-12-05 02:08:23', 'Verified'),
(7, 'David Drone', 'david.drone@example.com', '927277', '927277261', '102 Book Lane, Chicago, IL', '2024-12-06 02:08:23', 'Verified'),
(8, 'John Stone', 'john.stone@example.com', '101841', '1018411953', '203 Beauty Blvd, Miami, FL', '2024-12-07 02:08:23', 'Rejected'),
(9, 'Walker Kyle', 'Walker. Kyle@example.com', '110954', '1109546644', '791 Home Road, Los Angeles, CA', '2024-12-08 02:08:23', 'Verified'),
(10, 'Flower Brown', 'Flower. Brown@example.com', '120068', '1200681336', '103 Book Lane, Chicago, IL', '2024-12-09 02:08:23', 'Verified'),
(11, 'Cris Brown', 'Cris.Brown@example.com', '129181', '1291816027', '204 Beauty Blvd, Miami, FL', '2024-12-10 02:08:23', 'Verified'),
(12, 'Anna Smith', 'Anne.Smith@example.com', '138295', '1382950718', '792 Home Road, Los Angeles, CA', '2024-12-11 02:08:23', 'Verified'),
(13, 'Rooney Wayne', 'Rooney.Wayne@example.com', '147408', '1474085410', '104 Book Lane, Chicago, IL', '2024-12-12 02:08:23', 'Verified'),
(14, 'Stone Lee', 'Stone.Lee@example.com', '156522', '1565220101', '205 Beauty Blvd, Miami, FL', '2024-12-13 02:08:23', 'Pending'),
(15, 'Charlie Lee', 'Charlie.Lee@example.com', '165635', '1656354793', '789 Home Road, Los Angeles, CA', '2024-12-14 02:08:23', 'Verified'),
(16, 'Brew Grey', 'Brew.grey@example.com', '174748', '1747489484', '101 Book Lane, Chicago, IL', '2024-12-15 02:08:23', 'Verified'),
(17, 'Henny John', 'Henny.john@example.com', '183862', '1838624175', '202 Beauty Blvd, Miami, FL', '2024-12-16 02:08:23', 'Verified'),
(18, 'Cris Tom', 'Cris.tom@example.com', '192975', '1929758867', '123 Tech Avenue, Silicon Valley, CA', '2024-12-17 02:08:23', 'Verified'),
(19, 'Tom Mason', 'Tom.mason@example.com', '202089', '2020893558', '456 Fashion Street, New York, NY', '2024-12-18 02:08:23', 'Verified'),
(20, 'Travis Nano', 'Travis.nano@example.com', '211202', '2112028250', '789 Home Road, Los Angeles, CA', '2024-12-19 02:08:23', 'Verified'),
(21, 'Dean Haris', 'Dean.Haris@example.com', '220316', '2203162941', '124 Tech Avenue, Silicon Valley, CA', '2024-12-20 02:08:23', 'Verified'),
(22, 'Anne Cris', 'Anne.cris@example.com', '229423', '2294297632', '457 Fashion Street, New York, NY', '2024-12-21 02:08:23', 'Verified'),
(23, 'Jonny Hanny', 'John.hanny@example.com', '238543', '2385432324', '790 Home Road, Los Angeles, CA', '2024-12-22 02:08:23', 'Verified'),
(24, 'Bank Brown', 'Bank.brown@example.com', '247656', '2476567015', '125 Tech Avenue, Silicon Valley, CA', '2024-12-23 02:08:23', 'Verified'),
(25, 'Dennis Truffel', 'Dennis.trufle@example.com', '256770', '2567701707', '458 Fashion Street, New York, NY', '2024-12-24 02:08:23', 'Verified'),
(26, 'Dean Mason', 'Dean.mason@example.com', '265883', '2658836398', '791 Home Road, Los Angeles, CA', '2024-12-25 02:08:23', 'Verified'),
(27, 'Silicon Palmer', 'Silicon. palmer@example.com', '274997', '2749971089', '126 Tech Avenue, Silicon Valley, CA', '2024-12-26 02:08:23', 'Verified'),
(28, 'Cole Andrey', 'Cole.andrey@example.com', '284110', '2841105781', '459 Fashion Street, New York, NY', '2024-12-27 02:08:23', 'Verified'),
(29, 'Rashford May', 'Rashford.may@example.com', '293224', '2932240472', '792 Home Road, Los Angeles, CA', '2024-12-28 02:08:23', 'Verified'),
(30, 'Antony Andrey', 'Antony.andrey@example.com', '302337', '3023375164', '127 Tech Avenue, Silicon Valley, CA', '2024-12-29 02:08:23', 'Verified'),
(31, 'Silicon Palmer', 'silicon.palmer@example.com', '364802', '7495027392', '123 Tech Avenue, Silicon Valley, CA', '2024-12-30 02:08:23', 'Pending'),
(32, 'Cole Andrey', 'cole.andrey@example.com', '495028', '1489374922', '456 Fashion Street, New York, NY', '2024-12-31 02:08:23', 'Verified'),
(33, 'Rashford May', 'rashford.may@example.com', '474393', '1849508202', '789 Home Road, Los Angeles, CA', '2025-01-01 02:08:23', 'Verified'),
(34, 'Antony Andrey', 'antony.andrey@example.com', '294075', '4268439402', '101 Book Lane, Chicago, IL', '2025-01-02 02:08:23', 'Rejected'),
(35, 'Dean Haris', 'dean.haris@example.com', '293859', '3084754903', '202 Beauty Blvd, Miami, FL', '2025-01-03 02:08:23', 'Verified'),
(36, 'Jonny Hanny', 'john.hanny@example.com', '204035', '2648394308', '103 Book Lane, Chicago, IL', '2025-01-04 02:08:23', 'Verified'),
(37, 'Tom Mason', 'tom.mason@example.com', '284904', '1784920280', '104 Book Lane, Chicago, IL', '2025-01-05 02:08:23', 'Verified'),
(38, 'Henny John', 'henny.john@example.com', '284022', '1489208462', '205 Beauty Blvd, Miami, FL', '2025-01-06 02:08:23', 'Verified'),
(39, 'Charlie Lee', 'charlie.lee@example.com', '108402', '1973729020', '202 Beauty Blvd, Miami, FL', '2025-01-07 02:08:23', 'Verified'),
(40, 'Cris Tom', 'cris.tom@example.com', '174085', '1093492020', '124 Tech Avenue, Silicon Valley, CA', '2025-01-08 02:08:23', 'Verified');

CREATE TABLE USER_ROLE (
    User_id INT NOT NULL,
    Role_id INT NOT NULL,
);
INSERT INTO USER_ROLE (User_id, Role_id) VALUES
(1, 3),
(2, 2),
(3, 3),
(4, 6),
(5, 3),
(6, 3),
(7, 3),
(8, 4),
(9, 3),
(10, 3),
(11, 2),
(12, 4),
(13, 4),
(14, 6),
(15, 2),
(16, 3),
(17, 2),
(18, 5),
(19, 5),
(20, 6),
(21, 2),
(22, 6),
(23, 1),
(24, 2),
(25, 3),
(26, 3),
(27, 1),
(28, 2),
(29, 3),
(30, 6),
(30, 3),
(31, 3),
(32, 3),
(33, 6),
(34, 6),
(35, 3),
(36, 3),
(37, 3),
(38, 6),
(39, 3),
(40, 6);

CREATE TABLE ROLE (
    Role_id INT PRIMARY KEY,
    Role_Name VARCHAR(255) NOT NULL
);
INSERT INTO ROLE (Role_id, Role_Name) VALUES
(1, 'Admin'),
(2, 'Business'),
(3, 'Customer'),
(4, 'Partner'),
(5, 'Vender'),
(6, 'Guest');

CREATE TABLE AUTHENTICATION_LOG (
    Authlog_id INT PRIMARY KEY,
    User_id INT NOT NULL,
    ip_address VARCHAR(45) NOT NULL,
    Status ENUM('success', 'failure') NOT NULL,
    Method ENUM('otp', 'password') NOT NULL
);
INSERT INTO AUTHENTICATION_LOG (Authlog_id, User_id, ip_address, Status, Method) VALUES
(1, 1, '192.168.1.1', 'success', 'password'),
(2, 1, '192.168.1.2', 'failure', 'password'),
(3, 2, '192.168.1.3', 'success', 'OTP'),
(4, 3, '192.168.1.4', 'failure', 'OTP'),
(5, 5, '192.168.1.5', 'success', 'password'),
(6, 6, '192.168.1.6', 'success', 'password'),
(7, 11, '192.168.1.7', 'success', 'password'),
(8, 14, '192.168.1.8', 'failure', 'OTP'),
(9, 13, '192.168.1.9', 'success', 'OTP'),
(10, 9, '192.168.1.10', 'success', 'OTP'),
(11, 8, '192.168.1.11', 'success', 'password'),
(12, 12, '192.168.1.12', 'failure', 'password'),
(13, 7, '192.168.1.13', 'failure', 'OTP'),
(14, 4, '192.168.1.14', 'success', 'OTP'),
(15, 16, '192.168.1.15', 'failure', 'password'),
(16, 19, '192.168.1.16', 'failure', 'password'),
(17, 2, '192.168.1.17', 'success', 'password'),
(18, 20, '192.168.1.18', 'failure', 'OTP'),
(19, 3, '192.168.1.19', 'success', 'OTP'),
(20, 5, '192.168.1.20', 'failure', 'password'),
(21, 6, '192.168.1.21', 'failure', 'password'),
(22, 1, '192.168.1.22', 'success', 'password'),
(23, 17, '192.168.1.23', 'failure', 'password'),
(24, 7, '192.168.1.24', 'success', 'OTP'),
(25, 9, '192.168.1.25', 'success', 'OTP'),
(26, 10, '192.168.1.26', 'failure', 'OTP'),
(27, 2, '192.168.1.27', 'failure', 'password'),
(28, 1, '192.168.1.28', 'success', 'password'),
(29, 4, '192.168.1.29', 'failure', 'OTP'),
(30, 9, '192.168.1.30', 'failure', 'password');

CREATE TABLE PASSWORD_RESET_REQUEST (
    Reset_id INT PRIMARY KEY,
    User_id INT NOT NULL,
    Otp VARCHAR(6) NOT NULL
); 
INSERT INTO PASSWORD_RESET_REQUEST (Reset_id, User_id, Otp) VALUES
(1, 1, 123456),
(2, 3, 654321),
(3, 14, 987654),
(4, 12, 112233),
(5, 7, 445566),
(6, 16, 129856),
(7, 19, 254321),
(8, 20, 750654),
(9, 5, 114567),
(10, 6, 376590),
(11, 17, 483956),
(12, 10, 103521),
(13, 2, 528054),
(14, 4, 183920),
(15, 9, 439201);
CREATE TABLE BRAND (
    Brand_id INT PRIMARY KEY,
    User_id INT NOT NULL,
    Brand_name VARCHAR(100) NOT NULL,
    Logo_url VARCHAR(255) NOT NULL,
    Description TEXT,
    Website VARCHAR(255) NOT NULL,
    Status ENUM('active', 'unactive') NOT NULL,
    Created_at DATETIME DEFAULT CURRENT_TIMESTAMP
);
INSERT INTO BRAND (Brand_id, User_id, Brand_name, Logo_url, Description, Website, Status, Created_at) VALUES
(1, 2, 'Samsung', 'Samsung Logo', 'Samsung is a South Korean multinational conglomerate, renowned for its electronics, including smartphones, TVs, home appliances, and semiconductors.', 'www.samsung.com', 'active', '2020-01-01 10:00:00'),
(2, 11, 'Apple', 'Apple Logo', 'Apple Inc. designs, manufactures, and markets consumer electronics, software, and services, best known for its iPhone, Mac, and iPad products.', 'www.apple.com', 'active', '2019-03-15 14:22:10'),
(3, 15, 'Sony', 'Sony Logo', 'Sony is a Japanese multinational conglomerate corporation, involved in electronics, gaming, entertainment, and financial services.', 'www.sony.com', 'active', '2018-05-20 09:34:05'),
(4, 17, 'LG', 'LG Logo', 'LG is a South Korean multinational that manufactures a wide range of electronics, home appliances, and chemicals.', 'www.lg.com', 'active', '2021-08-30 16:45:25'),
(5, 17, 'Zara', 'Zara Logo', 'Zara is a Spanish multinational retail company that designs and sells ready-to-wear clothing for men, women, and children.', 'www.zara.com', 'active', '2018-12-05 09:00:00'),
(6, 21, 'Levi\'s', 'Levi\'s Logo', 'Levi Strauss & Co. is an American clothing company, best known for its denim jeans and iconic Levi\'s brand.', 'www.levi.com', 'unactive', '2016-04-02 14:50:30'),
(7, 28, 'Gucci', 'Gucci Logo', 'Gucci is an Italian luxury fashion brand, known for its high-end clothing, bags, shoes, and accessories.', 'www.gucci.com', 'active', '2017-01-12 11:10:20'),
(8, 2, 'Louis Vuitton', 'Louis Vuitton Logo', 'Louis Vuitton is a French luxury fashion house known for its leather goods, ready-to-wear clothing, shoes, watches, and accessories.', 'www.louisvuitton.com', 'active', '2015-11-28 10:55:05'),
(9, 17, 'GE Appliances', 'GE Appliances Logo', 'GE Appliances is an American company that manufactures home appliances, such as refrigerators, ovens, and dishwashers.', 'www.geappliances.com', 'active', '2019-05-23 11:45:15'),
(10, 21, 'Dyson', 'Dyson Logo', 'Dyson is a British technology company famous for its vacuum cleaners, air purifiers, and bladeless fans.', 'www.dyson.com', 'active', '2018-10-10 14:30:00'),
(11, 2, 'Miele', 'Miele Logo', 'Miele is a German manufacturer known for producing premium home appliances, including dishwashers, washing machines, and vacuum cleaners.', 'www.miele.com', 'active', '2020-09-15 13:25:10'),
(12, 15, 'Tefal', 'Tefal Logo', 'Tefal is a French cookware brand, well-known for its non-stick cooking products, pressure cookers, and kitchen accessories.', 'www.tefal.com', 'active', '2017-03-05 12:40:25'),
(13, 17, 'L\'Oréal', 'L\'Oréal Logo', 'L\'Oréal is a French multinational cosmetics and beauty company, offering skincare, haircare, make-up, and fragrances.', 'www.loreal.com', 'active', '2016-06-21 09:00:00'),
(14, 21, 'Estée Lauder', 'Estée Lauder Logo', 'Estée Lauder is an American multinational cosmetics company known for skincare, makeup, and fragrance products.', 'www.esteelauder.com', 'active', '2015-08-11 10:10:10'),
(15, 24, 'Maybelline', 'Maybelline Logo', 'Maybelline is an American multinational makeup brand, recognized worldwide for its mascara and makeup products.', 'www.maybelline.com', 'active', '2016-12-01 11:22:00'),
(16, 28, 'Nivea', 'Nivea Logo', 'Nivea is a German skincare brand, well-known for its lotions, moisturizers, and skincare products.', 'www.nivea.com', 'active', '2017-02-07 13:12:40'),
(17, 17, 'Oxford University Press', 'Oxford University Press Logo', 'Oxford University Press is the publishing arm of the University of Oxford, famous for its educational and academic books.', 'www.oup.com', 'active', '2015-10-01 08:55:00'),
(18, 21, 'Cambridge University Press', 'Cambridge University Press Logo', 'Cambridge University Press is the publishing house of the University of Cambridge, known for its educational, academic, and research-oriented publications.', 'www.cambridge.org', 'active', '2016-04-18 11:30:00'),
(19, 2, 'Simon & Schuster', 'Simon & Schuster Logo', 'Simon & Schuster is an American publishing company, widely known for its wide range of fiction, non-fiction, and educational titles.', 'www.simonandschuster.com', 'active', '2017-07-21 15:40:15'),
(20, 11, 'Scholastic', 'Scholastic Logo', 'Scholastic is a global publishing company specializing in children\'s books, educational materials, and media.', 'www.scholastic.com', 'active', '2016-11-05 10:00:00');

CREATE TABLE PRODUCT (
    Product_id INT PRIMARY KEY,
    Category_id INT NOT NULL,
    User_id INT NOT NULL,
    Brand_id INT NOT NULL,
    Product_name VARCHAR(255) NOT NULL,
    Description TEXT,
    Stock INT DEFAULT 0,
    Status ENUM('available', 'out_of_stock', 'discontinued') NOT NULL,
    Average_rating DECIMAL(3, 2),
    Total_reviews INT DEFAULT 0,
    Unit_price VARCHAR(20), 
    Created_at DATETIME DEFAULT CURRENT_TIMESTAMP
);
INSERT INTO PRODUCT (Product_id, Category_id, User_id, Brand_id, Product_name, Description, Stock, Status, Average_rating, Total_reviews, Unit_Price, Created_at)
VALUES
(1, 1, 2, 1, 'Smartphone X', 'Latest smartphone with 6GB RAM and 128GB storage', 100, 'available', 4.50, 200, '59.999 đ', '2024-11-10 02:11:42'),
(2, 1, 11, 1, 'Laptop Pro', 'High-performance laptop for professionals', 50, 'available', 4.70, 150, '99.999 đ', '2024-11-11 02:11:42'),
(3, 1, 15, 2, 'Wireless Headphones', 'Noise-cancelling headphones for immersive sound', 200, 'available', 4.30, 500, '14.999 đ', '2024-11-12 02:11:42'),
(4, 1, 17, 2, 'AirPods Pro', 'AirPods Pro (2nd generation) with MagSafe Charging Case (USB-C) have up to 2x better Active Noise Cancellation than the previous generation', 150, 'available', 4.50, 130, '39.999 đ', '2024-11-13 02:11:42'),
(5, 1, 2, 3, 'Loa bluetooth A88', 'A88 bluetooth speaker with RGB LED flashing to music, 10W capacity', 100, 'available', 4.60, 250, '29.999 đ', '2024-11-14 02:11:42'),
(6, 1, 11, 3, 'BASEUS PD 20W fast charger', 'Suitable for i15 14 13 12 pro max', 50, 'available', 4.70, 200, '15.999 đ', '2024-11-15 02:11:42'),
(7, 1, 15, 4, 'Smartwatch', 'Track your fitness and receive notifications', 150, 'available', 4.60, 120, '19.999 đ', '2024-11-16 02:11:42'),
(8, 1, 17, 4, '4K TV', 'Ultra HD smart television with streaming capabilities', 30, 'out_of_stock', 4.80, 80, '79.999 đ', '2024-11-17 02:11:42'),
(9, 2, 21, 5, 'T-shirt', 'Comfortable cotton T-shirt for daily wear', 300, 'available', 4.20, 300, '1.999 đ', '2024-11-18 02:11:42'),
(10, 2, 24, 5, 'Jeans', 'Slim-fit jeans with a stylish look', 150, 'available', 4.40, 250, '3.999 đ', '2024-11-19 02:11:42'),
(11, 2, 28, 6, 'Sweater', 'Sweater is made from soft, smooth felt material.', 120, 'available', 4.90, 280, '15.999 đ', '2024-11-20 02:11:42'),
(12, 2, 2, 6, 'Hoodie', 'Hoodie is made from soft, smooth felt material.', 180, 'available', 4.80, 350, '29.999 đ', '2024-11-21 02:11:42'),
(13, 2, 15, 7, 'Legging', 'Gudlook high waisted butt lift women\'s leggings with 2 button closure, super thick UMI fabric, long waist shaper', 160, 'available', 4.70, 260, '16.999 đ', '2024-11-22 02:11:42'),
(14, 2, 17, 7, 'Sneakers', 'Stylish sneakers for casual wear', 200, 'available', 4.50, 180, '5.999 đ', '2024-11-23 02:11:42'),
(15, 2, 21, 8, 'Jacket', 'Winter jacket to keep you warm', 100, 'available', 4.70, 90, '8.999 đ', '2024-11-24 02:11:42'),
(16, 2, 24, 8, 'Dress', 'Elegant evening dress for special occasions', 80, 'discontinued', 4.60, 150, '7.999 đ', '2024-11-25 02:11:42'),
(17, 3, 2, 9, 'Refrigerator', 'Energy-efficient refrigerator with smart features', 30, 'available', 4.20, 60, '49.999 đ', '2024-11-26 02:11:42'),
(18, 3, 11, 9, 'Hair dryer', 'Well 1800W foldable hair dryer, 2-way hot and cold, 3 heat modes, blue light', 110, 'available', 4.50, 80, '17.999 đ', '2024-11-27 02:11:42'),
(19, 3, 15, 10, 'Automatic hair curler', 'Ceramic material, bending diameter 28mm and 32mm', 50, 'available', 4.60, 100, '15.999 đ', '2024-11-28 02:11:42'),
(20, 3, 17, 10, 'Rice cooker', 'Chigo rice cooker with 350W capacity cooks rice super fast', 100, 'available', 4.70, 150, '28.999 đ', '2024-11-29 02:11:42'),
(21, 3, 21, 11, 'Washing Machine', 'Automatic washing machine with various settings', 50, 'available', 4.30, 100, '29.999 đ', '2024-11-30 02:11:42'),
(22, 3, 24, 11, 'Air Conditioner', 'Cooling system with remote control', 20, 'available', 4.50, 75, '34.999 đ', '2024-12-01 02:11:42'),
(23, 3, 28, 12, 'Blender', 'High-powered blender for smoothies and shakes', 100, 'available', 4.00, 150, '5.999 đ', '2024-12-02 02:11:42'),
(24, 3, 2, 12, 'Microwave', 'Compact microwave for fast cooking', 150, 'out_of_stock', 4.10, 120, '7.999 đ', '2024-12-03 02:11:42'),
(25, 4, 11, 13, 'Shampoo', 'Hair care shampoo for all hair types', 500, 'available', 4.30, 500, '999 đ', '2024-12-04 02:11:42'),
(26, 4, 15, 13, 'Face Mask', 'Hydrating face mask for a smooth skin', 200, 'available', 4.50, 350, '1.499 đ', '2024-12-05 02:11:42'),
(27, 4, 17, 14, 'Conditioner', 'Conditioner prevents hair breakage and repairs damage', 300, 'available', 4.60, 200, '12.999 đ', '2024-12-06 02:11:42'),
(28, 4, 21, 14, 'Sunscreen', 'Sunscreen protects skin against long UVA rays and controls oil for 12 hours', 250, 'available', 4.70, 220, '26.999 đ', '2024-12-07 02:11:42'),
(29, 4, 24, 15, 'Tint Lipstick', 'Long-lasting, Korean Glossy Tint Lipstick For Plump, Smooth Lips', 350, 'available', 4.80, 280, '6.999 đ', '2024-12-08 02:11:42'),
(30, 4, 28, 15, 'Moisturizer', 'Deep moisturizing cream for dry skin', 150, 'available', 4.60, 180, '1.999 đ', '2024-12-09 02:11:42'),
(31, 4, 2, 16, 'Toothpaste', 'Fluoride toothpaste for healthy teeth', 500, 'available', 4.00, 700, '3.99 đ', '2024-12-10 02:11:42'),
(32, 4, 11, 16, 'Sunscreen', 'SPF 50 sunscreen for UV protection', 100, 'available', 4.20, 300, '12.99 đ', '2024-12-11 02:11:42'),
(33, 5, 15, 17, 'Fiction Novel', 'A thrilling fiction novel with twists and turns', 150, 'available', 4.50, 100, '14.99 đ', '2024-12-12 02:11:42'),
(34, 5, 17, 17, 'Biography', 'The life story of a famous historical figure', 80, 'available', 4.40, 60, '19.99 đ', '2024-12-13 02:11:42'),
(35, 5, 21, 18, 'Cookbook', 'Delicious recipes for home cooking', 200, 'available', 4.30, 220, '24.99 đ', '2024-12-14 02:11:42'),
(36, 5, 24, 18, 'Self-Help Book', 'Motivational book to improve your mindset', 300, 'available', 4.60, 150, '15.99 đ', '2024-12-15 02:11:42'),
(37, 5, 28, 19, 'Science Book', 'Exploring the wonders of the universe', 120, 'out_of_stock', 4.20, 90, '29.99 đ', '2024-12-16 02:11:42'),
(38, 5, 2, 19, 'Novel', 'A novel is a long fictional narrative that explores characters and plots in depth.', 180, 'available', 4.80, 100, '19.99 đ', '2024-12-17 02:11:42'),
(39, 5, 11, 20, 'Reference book', 'A reference book is a resource designed to provide specific information or facts, typically consulted for quick answers.', 250, 'available', 4.90, 150, '24.99 đ', '2024-12-18 02:11:42'),
(40, 5, 15, 20, 'Comic', 'A comic is a visual story told through illustrations and dialogue, often presented in panels', 150, 'available', 4.70, 120, '89.99 đ', '2024-12-19 02:11:42');

CREATE TABLE CATEGORY (
    Category_id INT PRIMARY KEY,
    Category_name VARCHAR(255) NOT NULL,
    Description TEXT
);
INSERT INTO CATEGORY (Category_id, Category_name, Description)
VALUES
(1, 'Electronics', 'Devices and gadgets for everyday use'),
(2, 'Clothing', 'Men\'s and women\'s fashion apparel'),
(3, 'Home Appliances', 'Appliances to make your home more efficient'),
(4, 'Beauty & Health', 'Products for personal care and health'),
(5, 'Books', 'A wide selection of books across genres');

CREATE TABLE INVOICE (
    Invoice_id INT PRIMARY KEY,
    User_id INT NOT NULL,
    Product_id INT NOT NULL,
    Order_id INT NOT NULL,
    Transaction_id INT NOT NULL,
    Quantity INT NOT NULL,
    Unit_price DECIMAL(10, 2) NOT NULL,
    Total_amount DECIMAL(10,2) NOT NULL,
    Total_value DECIMAL(10, 2) NOT NULL, 
    Shipping_fee DECIMAL(10, 2) NOT NULL, 
    Invoice_date DATETIME DEFAULT CURRENT_TIMESTAMP,
    Status ENUM('unpaid', 'paid', 'canceled') DEFAULT 'unpaid'
);
INSERT INTO INVOICE (Invoice_id, User_id, Product_id, Order_id, Payment_id, Quantity, Unit_price, Total_value, Shipping_fee, Total_amount, Invoice_date, Status)
VALUES
(1, 1, 1, 1, 1, 2, '59.999 đ', '119.998 đ', '5.000 đ', '124.998 đ', '2024-11-30 02:11:42', 'paid'),
(2, 2, 2, 2, 2, 1, '99.999 đ', '99.999 đ', '10.000 đ', '109.999 đ', '2024-11-30 02:11:42', 'unpaid'),
(3, 8, 3, 3, 3, 3, '14.999 đ', '44.997 đ', '5.000 đ', '49.997 đ', '2024-11-30 02:11:42', 'canceled'),
(4, 11, 4, 4, 4, 1, '39.999 đ', '39.999 đ', '10.000 đ', '49.997 đ', '2024-11-30 02:11:42', 'paid'),
(5, 13, 5, 5, 5, 2, '29.999 đ', '59.998 đ', '10.000 đ', '69.998 đ', '2024-11-30 02:11:42', 'paid'),
(6, 16, 6, 6, 6, 1, '15.999 đ', '15.999 đ', '5.000 đ', '20.999 đ', '2024-11-29 14:20:10', 'unpaid'),
(7, 19, 7, 7, 7, 4, '19.999 đ', '79.996 đ', '10.000 đ', '89.999 đ', '2024-11-29 10:15:30', 'paid'),
(8, 20, 8, 8, 8, 1, '79.999 đ', '79.999 đ', '10.000 đ', '89.999 đ', '2024-11-29 09:45:20', 'canceled'),
(9, 21, 9, 9, 9, 5, '1.999 đ', '9.995 đ', '5.000 đ', '14.995 đ', '2024-11-28 18:22:50', 'paid'),
(10, 30, 10, 10, 10, 2, '3.999 đ', '7.998 đ', '10.000 đ', '17.998 đ', '2024-11-28 17:40:15', 'unpaid'),
(11, 1, 11, 11, 11, 1, '15.999 đ', '15.999 đ', '10.000 đ', '25.999 đ', '2024-11-28 16:11:30', 'paid'),
(12, 2, 12, 12, 12, 3, '29.999 đ', '89.997 đ', '5.000 đ', '94.997 đ', '2024-11-28 15:33:50', 'unpaid'),
(13, 8, 13, 13, 13, 2, '16.999 đ', '33.998 đ', '10.000 đ', '43.998 đ', '2024-11-27 13:20:10', 'paid'),
(14, 11, 14, 14, 14, 1, '5.999 đ', '5.999 đ', '5.000 đ', '10.999 đ', '2024-11-27 12:11:42', 'canceled'),
(15, 13, 15, 15, 15, 1, '8.999 đ', '8.999 đ', '10.000 đ', '18.999 đ', '2024-11-27 11:45:00', 'paid'),
(16, 16, 16, 16, 16, 2, '7.999 đ', '15.998 đ', '5.000 đ', '20.998 đ', '2024-11-26 10:15:30', 'unpaid'),
(17, 19, 17, 17, 17, 3, '49.999 đ', '149.997 đ', '10.000 đ', '159.997 đ', '2024-11-26 09:55:20', 'paid'),
(18, 20, 18, 18, 18, 4, '17.999 đ', '71.996 đ', '5.000 đ', '76.996 đ', '2024-11-26 08:22:50', 'canceled'),
(19, 21, 19, 19, 19, 1, '15.999 đ', '15.999 đ', '10.000 đ', '25.999 đ', '2024-11-25 14:40:15', 'paid'),
(20, 30, 20, 20, 20, 3, '28.999 đ', '86.999 đ', '10.000 đ', '96.999 đ', '2024-11-25 13:11:30', 'paid'),
(21, 1, 21, 21, 21, 2, '29.999 đ', '59.998 đ', '5.000 đ', '64.998 đ', '2024-11-25 12:33:50', 'unpaid'),
(22, 2, 22, 22, 22, 1, '34.999 đ', '34.999 đ', '10.000 đ', '44.999 đ', '2024-11-24 15:20:10', 'canceled'),
(23, 8, 23, 23, 23, 2, '5.999 đ', '11.998 đ', '5.000 đ', '16.998 đ', '2024-11-24 14:11:42', 'paid'),
(24, 11, 24, 24, 24, 3, '7.999 đ', '23.997 đ', '10.000 đ', '33.997 đ', '2024-11-24 13:45:00', 'paid'),
(25, 13, 25, 25, 25, 4, '999 đ', '3.996 đ', '5.000 đ', '8.996 đ', '2024-11-23 10:15:30', 'unpaid'),
(26, 16, 26, 26, 26, 2, '1.499 đ', '2.998 đ', '10.000 đ', '12.998 đ', '2024-11-23 09:55:20', 'paid'),
(27, 19, 27, 27, 27, 1, '12.999 đ', '12.999 đ', '5.000 đ', '17.999 đ', '2024-11-23 08:22:50', 'canceled'),
(28, 20, 28, 28, 28, 5, '26.999 đ', '134.995 đ', '10.000 đ', '144.995 đ', '2024-11-22 16:40:15', 'paid'),
(29, 21, 29, 29, 29, 3, '6.999 đ', '20.997 đ', '10.000 đ', '30.997 đ', '2024-11-22 14:11:30', 'unpaid'),
(30, 30, 30, 30, 30, 4, '1.999 đ', '7.996 đ', '5.000 đ', '12.996 đ', '2024-11-22 13:33:50', 'paid');

CREATE TABLE PRODUCT_IMAGE (
    Image_id INT PRIMARY KEY,
    Product_id INT NOT NULL,
    Product_name VARCHAR(255) NOT NULL,
    URL VARCHAR(255) NOT NULL  
); 
INSERT INTO PRODUCT_IMAGE (Image_id, Product_id, Product_name, URL)
VALUES
(1, 1, 'Smartphone X', 'https://example.com/images/smartphone_x.jpg'),
(2, 1, 'Laptop Pro', 'https://example.com/images/laptop_pro.jpg'),
(3, 1, 'Wireless Headphones', 'https://example.com/images/headphones.jpg'),
(4, 1, 'AirPods Pro', 'https://example.com/images/airpods.jpg'),
(5, 1, 'Loa bluetooth A88', 'https://example.com/images/bluetooth_a88.jpg'),
(6, 1, 'BASEUS PD 20W fast charger', 'https://example.com/images/baseus_charger.jpg'),
(7, 1, 'Smartwatch', 'https://example.com/images/smartwatch.jpg'),
(8, 1, '4K TV', 'https://example.com/images/4ktv.jpg'),
(9, 2, 'T-shirt', 'https://example.com/images/tshirt.jpg'),
(10, 2, 'Jeans', 'https://example.com/images/jeans.jpg'),
(11, 2, 'Sweater', 'https://example.com/images/sweater.jpg'),
(12, 2, 'Hoodie', 'https://example.com/images/hoodie.jpg'),
(13, 2, 'Legging', 'https://example.com/images/legging.jpg'),
(14, 2, 'Sneakers', 'https://example.com/images/sneakers.jpg'),
(15, 2, 'Jacket', 'https://example.com/images/jacket.jpg'),
(16, 2, 'Dress', 'https://example.com/images/dress.jpg'),
(17, 3, 'Refrigerator', 'https://example.com/images/refrigerator.jpg'),
(18, 3, 'Hair dryer', 'https://example.com/images/hairdryer.jpg'),
(19, 3, 'Automatic hair curler', 'https://example.com/images/haircurler.jpg'),
(20, 3, 'Rice cooker', 'https://example.com/images/ricecooker.jpg'),
(21, 3, 'Washing Machine', 'https://example.com/images/washingmachine.jpg'),
(22, 3, 'Air Conditioner', 'https://example.com/images/airconditioner.jpg'),
(23, 3, 'Blender', 'https://example.com/images/blender.jpg'),
(24, 3, 'Microwave', 'https://example.com/images/microwave.jpg'),
(25, 4, 'Shampoo', 'https://example.com/images/shampoo.jpg'),
(26, 4, 'Face Mask', 'https://example.com/images/facemask.jpg'),
(27, 4, 'Conditioner', 'https://example.com/images/conditioner.jpg'),
(28, 4, 'Sunscreen', 'https://example.com/images/sunscreen.jpg'),
(29, 4, 'Tint Lipstick', 'https://example.com/images/lipstick.jpg'),
(30, 4, 'Moisturizer', 'https://example.com/images/moisturizer.jpg'),
(31, 4, 'Toothpaste', 'https://example.com/images/toothpaste.jpg'),
(32, 4, 'Sunscreen', 'https://example.com/images/sunscreen2.jpg'),
(33, 5, 'Fiction Novel', 'https://example.com/images/fictionnovel.jpg'),
(34, 5, 'Biography', 'https://example.com/images/biography.jpg'),
(35, 5, 'Cookbook', 'https://example.com/images/cookbook.jpg'),
(36, 5, 'Self-Help Book', 'https://example.com/images/selfhelp.jpg'),
(37, 5, 'Science Book', 'https://example.com/images/sciencebook.jpg'),
(38, 5, 'Novel', 'https://example.com/images/novel.jpg'),
(39, 5, 'Reference book', 'https://example.com/images/reference.jpg'),
(40, 5, 'Comic', 'https://example.com/images/comic.jpg');

CREATE TABLE TRANSACTION (
    Transaction_id INT PRIMARY KEY,
    User_id INT NOT NULL,
    Order_id INT NOT NULL,
    Transaction_date DATETIME DEFAULT CURRENT_TIMESTAMP,
    Total_amount DECIMAL(10, 2) NOT NULL,
    Transaction_type ENUM('Payment refund', 'Bank Transfer', 'Credit card') NOT NULL,
    Status ENUM('pending', 'success', 'failed') DEFAULT 'pending'
);
INSERT INTO TRANSACTION (Transaction_id, User_id, Order_id, Transaction_date, Total_amount, Transaction_type, Status)
VALUES
(1, 1, 1, '2024-11-30 02:11:42', 124.998, 'Payment refund', 'Success'),
(2, 2, 2, '2024-11-30 02:11:42', 109.999, 'Credit card', 'Pending'),
(3, 8, 3, '2024-11-30 02:11:42', 49.997, 'Bank Transfer', 'Failed'),
(4, 11, 4, '2024-11-30 02:11:42', 49.997, 'Payment refund', 'Success'),
(5, 13, 5, '2024-11-30 02:11:42', 69.998, 'Credit card', 'Success'),
(6, 16, 6, '2024-11-29 14:20:10', 20.999, 'Bank Transfer', 'Pending'),
(7, 19, 7, '2024-11-29 10:15:30', 89.999, 'Payment refund', 'Success'),
(8, 20, 8, '2024-11-29 09:45:20', 89.999, 'Credit card', 'Failed'),
(9, 21, 9, '2024-11-28 18:22:50', 14.995, 'Bank Transfer', 'Success'),
(10, 30, 10, '2024-11-28 17:40:15', 17.998, 'Payment refund', 'Pending'),
(11, 1, 11, '2024-11-28 16:11:30', 25.999, 'Credit card', 'Success'),
(12, 2, 12, '2024-11-28 15:33:50', 94.997, 'Bank Transfer', 'Pending'),
(13, 8, 13, '2024-11-27 13:20:10', 43.998, 'Payment refund', 'Success'),
(14, 11, 14, '2024-11-27 12:11:42', 10.999, 'Credit card', 'Failed'),
(15, 13, 15, '2024-11-27 11:45:00', 18.999, 'Bank Transfer', 'Success'),
(16, 16, 16, '2024-11-26 10:15:30', 20.998, 'Payment refund', 'Pending'),
(17, 19, 17, '2024-11-26 09:55:20', 159.997, 'Credit card', 'Success'),
(18, 20, 18, '2024-11-26 08:22:50', 76.996, 'Bank Transfer', 'Failed'),
(19, 21, 19, '2024-11-25 14:40:15', 25.999, 'Payment refund', 'Success'),
(20, 30, 20, '2024-11-25 13:11:30', 96.999, 'Credit card', 'Success'),
(21, 1, 21, '2024-11-25 12:33:50', 64.998, 'Bank Transfer', 'Pending'),
(22, 2, 22, '2024-11-24 15:20:10', 44.999, 'Payment refund', 'Failed'),
(23, 8, 23, '2024-11-24 14:11:42', 16.998, 'Credit card', 'Success'),
(24, 11, 24, '2024-11-24 13:45:00', 33.997, 'Bank Transfer', 'Success'),
(25, 13, 25, '2024-11-23 10:15:30', 8.996, 'Payment refund', 'Pending'),
(26, 16, 26, '2024-11-23 09:55:20', 12.998, 'Credit card', 'Success'),
(27, 19, 27, '2024-11-23 08:22:50', 17.999, 'Bank Transfer', 'Failed'),
(28, 20, 28, '2024-11-22 16:40:15', 144.995, 'Payment refund', 'Success'),
(29, 21, 29, '2024-11-22 14:11:30', 30.997, 'Credit card', 'Pending'),
(30, 30, 30, '2024-11-22 13:33:50', 12.996, 'Bank Transfer', 'Success');

 CREATE TABLE CART (
    Cart_id INT PRIMARY KEY,
    User_id INT NOT NULL,
    Created_date DATETIME  DEFAULT CURRENT_TIMESTAMP
);
INSERT INTO CART (Cart_id, User_id, Created_date)
VALUES
(1, 1, '2024-11-01 09:30:00'),
(2, 2, '2024-11-02 10:15:00'),
(3, 8, '2024-11-03 11:00:00'),
(4, 11, '2024-11-04 12:00:00'),
(5, 13, '2024-11-05 13:15:00'),
(6, 16, '2024-11-06 14:45:00'),
(7, 19, '2024-11-07 15:00:00'),
(8, 20, '2024-11-08 16:30:00'),
(9, 21, '2024-11-09 17:45:00'),
(10, 30, '2024-11-10 18:00:00'),
(11, 1, '2024-11-11 19:15:00'),
(12, 2, '2024-11-12 20:00:00'),
(13, 8, '2024-11-13 21:00:00'),
(14, 11, '2024-11-14 22:15:00'),
(15, 13, '2024-11-15 23:00:00'),
(16, 16, '2024-11-16 08:00:00'),
(17, 19, '2024-11-17 09:30:00'),
(18, 20, '2024-11-18 10:15:00'),
(19, 21, '2024-11-19 11:45:00'),
(20, 30, '2024-11-20 12:30:00'),
(21, 1, '2024-11-21 14:00:00'),
(22, 2, '2024-11-22 15:30:00'),
(23, 8, '2024-11-23 16:45:00'),
(24, 11, '2024-11-24 17:00:00'),
(25, 13, '2024-11-25 18:15:00'),
(26, 16, '2024-11-26 19:30:00'),
(27, 19, '2024-11-27 20:45:00'),
(28, 20, '2024-11-28 21:00:00'),
(29, 21, '2024-11-29 22:15:00'),
(30, 30, '2024-11-30 23:00:00');

CREATE TABLE CART_ITEM (
    Cartitem_id INT PRIMARY KEY,
    Cart_id INT NOT NULL,
    Product_id INT NOT NULL,
    Quantity INT NOT NULL 
);
INSERT INTO CART_ITEM (Cartitem_id, Cart_id, Product_id, Quantity)
VALUES
(1, 1, 1, 2),
(2, 2, 2, 1),
(3, 3, 3, 3),
(4, 4, 4, 1),
(5, 5, 5, 2),
(6, 6, 6, 1),
(7, 7, 7, 4),
(8, 8, 8, 1),
(9, 9, 9, 5),
(10, 10, 10, 2),
(11, 11, 11, 1),
(12, 12, 12, 3),
(13, 13, 13, 2),
(14, 14, 14, 1),
(15, 15, 15, 1),
(16, 16, 16, 2),
(17, 17, 17, 3),
(18, 18, 18, 4),
(19, 19, 19, 1),
(20, 20, 20, 3),
(21, 21, 21, 2),
(22, 22, 22, 1),
(23, 23, 23, 2),
(24, 24, 24, 3),
(25, 25, 25, 4),
(26, 26, 26, 2),
(27, 27, 27, 1),
(28, 28, 28, 5),
(29, 29, 29, 3),
(30, 30, 30, 4);

CREATE TABLE ORDER_ITEM (
    OrderItem_ID INT PRIMARY KEY,
    Order_ID INT NOT NULL,
    Product_ID INT NOT NULL,
    Quantity INT NOT NULL,
    Price DECIMAL(10, 2) NOT NULL
);
INSERT INTO ORDER_ITEM (OrderItem_ID, Order_ID, Product_ID, Quantity, Price)
VALUES
(1, 1, 1, 2, 59.999),
(2, 2, 2, 1, 99.999),
(3, 3, 3, 3, 14.999),
(4, 4, 4, 1, 39.999),
(5, 5, 5, 2, 29.999),
(6, 6, 6, 1, 15.999),
(7, 7, 7, 4, 19.999),
(8, 8, 8, 1, 79.999),
(9, 9, 9, 5, 1.999),
(10, 10, 10, 2, 3.999),
(11, 11, 11, 1, 15.999),
(12, 12, 12, 3, 29.999),
(13, 13, 13, 2, 16.999),
(14, 14, 14, 1, 5.999),
(15, 15, 15, 1, 8.999),
(16, 16, 16, 2, 7.999),
(17, 17, 17, 3, 49.999),
(18, 18, 18, 4, 17.999),
(19, 19, 19, 1, 15.999),
(20, 20, 20, 3, 28.999),
(21, 21, 21, 2, 29.999),
(22, 22, 22, 1, 34.999),
(23, 23, 23, 2, 5.999),
(24, 24, 24, 3, 7.999),
(25, 25, 25, 4, 999),
(26, 26, 26, 2, 1.499),
(27, 27, 27, 1, 12.999),
(28, 28, 28, 5, 26.999),
(29, 29, 29, 3, 6.999),
(30, 30, 30, 4, 1.999);

CREATE TABLE  `ORDER` (
    Order_id INT PRIMARY KEY,
    User_id INT NOT NULL,
    Order_date DATETIME DEFAULT CURRENT_TIMESTAMP,
    Total_amount DECIMAL(10, 2) NOT NULL,
    Order_status ENUM('Pending',  'Paid', 'Shipped', 'Cancelled') DEFAULT 'pending'
    Transaction_Status VARCHAR(20)
);
INSERT INTO `ORDER` (Order_id, User_id, Order_date, Total_amount, Order_status, Transaction_Status) VALUES
(1, 1, '2024-11-01 10:30:00', '119.998 đ', 'Shipped', 'Paid'),
(2, 2, '2024-11-02 11:00:00', '99.999 đ', 'Pending', 'Unpaid'),
(3, 8, '2024-11-03 12:15:00', '44.997 đ', 'Cancelled', 'Refunded'),
(4, 11, '2024-11-04 13:00:00', '39.999 đ', 'Shipped', 'Paid'),
(5, 13, '2024-11-05 14:30:00', '59.998 đ', 'Shipped', 'Paid'),
(6, 16, '2024-11-06 15:45:00', '15.999 đ', 'Pending', 'Unpaid'),
(7, 19, '2024-11-07 16:00:00', '79.996 đ', 'Shipped', 'Paid'),
(8, 20, '2024-11-08 17:30:00', '79.999 đ', 'Cancelled', 'Refunded'),
(9, 21, '2024-11-09 18:45:00', '9.995 đ', 'Shipped', 'Paid'),
(10, 30, '2024-11-10 19:00:00', '7.998 đ', 'Pending', 'Unpaid'),
(11, 1, '2024-11-11 20:15:00', '15.999 đ', 'Shipped', 'Paid'),
(12, 2, '2024-11-12 21:00:00', '89.997 đ', 'Pending', 'Unpaid'),
(13, 8, '2024-11-13 22:00:00', '33.998 đ', 'Shipped', 'Paid'),
(14, 11, '2024-11-14 23:15:00', '5.999 đ', 'Cancelled', 'Refunded'),
(15, 13, '2024-11-15 08:00:00', '8.999 đ', 'Shipped', 'Paid'),
(16, 16, '2024-11-16 09:30:00', '15.998 đ', 'Pending', 'Unpaid'),
(17, 19, '2024-11-17 10:15:00', '149.997 đ', 'Shipped', 'Paid'),
(18, 20, '2024-11-18 11:45:00', '71.996 đ', 'Cancelled', 'Refunded'),
(19, 21, '2024-11-19 12:30:00', '15.999 đ', 'Shipped', 'Paid'),
(20, 30, '2024-11-20 14:00:00', '86.999 đ', 'Shipped', 'Paid'),
(21, 1, '2024-11-21 15:30:00', '59.998 đ', 'Pending', 'Unpaid'),
(22, 2, '2024-11-22 16:45:00', '34.999 đ', 'Cancelled', 'Refunded'),
(23, 8, '2024-11-23 17:00:00', '11.998 đ', 'Shipped', 'Paid'),
(24, 11, '2024-11-24 18:15:00', '23.997 đ', 'Shipped', 'Paid'),
(25, 13, '2024-11-25 19:30:00', '3.996 đ', 'Pending', 'Unpaid'),
(26, 16, '2024-11-26 20:45:00', '2.998 đ', 'Shipped', 'Paid'),
(27, 19, '2024-11-27 21:00:00', '12.999 đ', 'Cancelled', 'Refunded'),
(28, 20, '2024-11-28 22:15:00', '134.995 đ', 'Shipped', 'Paid'),
(29, 21, '2024-11-29 23:00:00', '20.997 đ', 'Pending', 'Unpaid'),
(30, 30, '2024-11-30 23:45:00', '7.996 đ', 'Shipped', 'Paid');

CREATE TABLE SHIPPING (
    Shipping_ID INT PRIMARY KEY,
    Order_ID INT NOT NULL,
    Shipping_date DATETIME DEFAULT CURRENT_TIMESTAMP,
    Quantity INT NOT NULL
);
INSERT INTO SHIPPING (Shipping_ID, Order_ID, Quantity, Shipping_cost, Shipping_method) VALUES
(1, 1, 2, '5.000đ', 'Standard'),
(2, 2, 1, '10.000đ', 'Express'),
(3, 3, 3, '5.000đ', 'Standard'),
(4, 4, 1, '10.000đ', 'Express'),
(5, 5, 2, '10.000đ', 'Standard'),
(6, 6, 1, '5.000đ', 'Express'),
(7, 7, 4, '10.000đ', 'Standard'),
(8, 8, 1, '10.000đ', 'Express'),
(9, 9, 5, '5.000đ', 'Standard'),
(10, 10, 2, '10.000đ', 'Express'),
(11, 11, 1, '10.000đ', 'Standard'),
(12, 12, 3, '5.000đ', 'Express'),
(13, 13, 2, '10.000đ', 'Express'),
(14, 14, 1, '5.000đ', 'Standard'),
(15, 15, 1, '10.000đ', 'Standard'),
(16, 16, 2, '5.000đ', 'Express'),
(17, 17, 3, '10.000đ', 'Standard'),
(18, 18, 4, '5.000đ', 'Express'),
(19, 19, 1, '10.000đ', 'Standard'),
(20, 20, 3, '10.000đ', 'Express'),
(21, 21, 2, '5.000đ', 'Standard'),
(22, 22, 1, '10.000đ', 'Express'),
(23, 23, 2, '5.000đ', 'Standard'),
(24, 24, 3, '10.000đ', 'Express'),
(25, 25, 4, '5.000đ', 'Standard'),
(26, 26, 2, '10.000đ', 'Express'),
(27, 27, 1, '5.000đ', 'Standard'),
(28, 28, 5, '10.000đ', 'Express'),
(29, 29, 3, '10.000đ', 'Standard'),
(30, 30, 4, '5.000đ', 'Express');

CREATE TABLE RETURN_REQUEST (
    Return_ID INT PRIMARY KEY,
    Order_ID INT NOT NULL,
    Reason TEXT NOT NULL,
    Created_date DATETIME DEFAULT CURRENT_TIMESTAMP,
    Status  ENUM('processing', 'processed', 'canceled') DEFAULT 'processing'
);
INSERT INTO RETURN_REQUEST (Return_ID, Order_ID, Reason, Created_date, Status) VALUES
(1, 4, 'Product is broken', '2024-11-04 13:00:00', 'Processing'),
(2, 8, 'Don''t like the product', '2024-11-08 17:30:00', 'Processed'),
(3, 12, 'Not suitable for needs', '2024-11-12 21:00:00', 'Processing'),
(4, 16, 'Product not valid', '2024-11-16 09:30:00', 'Canceled'),
(5, 20, 'Product is broken', '2024-11-20 14:00:00', 'Processed'),
(6, 24, 'Not suitable for needs', '2024-11-24 18:15:00', 'Processing'),
(7, 28, 'Product is broken', '2024-11-28 22:15:00', 'Processed');

CREATE TABLE SEARCH_LOG (
    Search_ID INT PRIMARY KEY,
    User_ID INT NOT NULL,
    Query TEXT,
    Filters TEXT,
    Created_at DATETIME DEFAULT CURRENT_TIMESTAMP
);
INSERT INTO SEARCH_LOG (Search_ID, User_ID, Query, Filters, Created_at) VALUES
(1, 2, 'wireless earbuds', 'category: electronics', '2024-11-25 10:30:00'),
(2, 5, 'winter jackets', 'category: fashion, price: 50-100', '2024-11-25 11:00:00'),
(3, 8, 'blender', 'brand: Philips, price: 20-50', '2024-11-24 09:15:00'),
(4, 13, 'running shoes', 'category: sports, size: 10', '2024-11-26 08:45:00'),
(5, 26, 'smartwatch', 'price: 100-200, brand: Samsung', '2024-11-27 12:00:00'),
(6, 28, 'gaming laptop', 'brand: Dell, price: 1000-1500', '2024-11-28 14:30:00'),
(7, 9, 'air fryer', 'category: home appliances', '2024-11-29 15:15:00'),
(8, 3, 'yoga mat', 'category: fitness, color: blue', '2024-11-28 10:00:00'),
(9, 11, 'coffee grinder', 'brand: Breville', '2024-11-27 13:20:00'),
(10, 18, 'waterproof backpack', 'category: travel', '2024-11-25 18:00:00'),
(11, 20, 'office chair', 'price: 50-150', '2024-11-26 09:45:00'),
(12, 25, 'electric scooter', 'brand: Xiaomi, price: 300-500', '2024-11-24 08:30:00'),
(13, 1, 'smartphone cases', 'color: black, size: universal', '2024-11-25 16:15:00'),
(14, 4, 'DSLR camera', 'brand: Canon, price: 500-1000', '2024-11-28 11:45:00'),
(15, 7, 'noise-canceling headphones', 'brand: Bose, price: 200-300', '2024-11-29 17:20:00'),
(16, 12, 'kids'' toys', 'category: kids, age group: 3-5', '2024-11-27 14:10:00'),
(17, 29, 'baking supplies', 'category: kitchenware', '2024-11-25 10:00:00'),
(18, 22, 'hiking boots', 'category: outdoor, size: 8', '2024-11-26 13:50:00'),
(19, 26, 'facial cleanser', 'brand: Neutrogena, category: skincare', '2024-11-28 12:15:00'),
(20, 16, 'smart TV', 'brand: LG, screen size: 55"', '2024-11-27 16:00:00'),
(21, 13, 'gaming console', 'brand: Sony, category: electronics', '2024-11-29 19:30:00'),
(22, 6, 'formal shirts', 'category: menswear, size: L', '2024-11-25 15:45:00'),
(23, 3, 'robotic vacuum', 'brand: iRobot, price: 200-300', '2024-11-26 14:30:00'),
(24, 8, 'sunscreen lotion', 'SPF: 50, category: skincare', '2024-11-24 09:00:00'),
(25, 15, 'foldable treadmill', 'price: 500-800, brand: ProForm', '2024-11-28 17:10:00'),
(26, 25, 'leather wallet', 'color: brown, category: accessories', '2024-11-25 08:30:00'),
(27, 3, 'wireless keyboard', 'brand: Logitech, price: 30-70', '2024-11-29 12:40:00'),
(28, 5, 'hair straightener', 'brand: Dyson, price: 300-400', '2024-11-27 11:50:00'),
(29, 9, 'dog food', 'category: pet supplies, size: 5kg', '2024-11-26 08:15:00'),
(30, 11, 'digital tablet', 'brand: Wacom, price: 200-400', '2024-11-25 20:00:00');

CREATE TABLE NOTIFICATION (
    Notification_ID INT PRIMARY KEY,
    User_ID INT NOT NULL,
    Message TEXT NOT NULL,
    Type ENUM('Promotional', 'system', 'order update') DEFAULT 'promotional',
    Is_read ENUM('true', 'false') DEFAULT 'true',
    Created_at DATETIME DEFAULT CURRENT_TIMESTAMP  
);
INSERT INTO NOTIFICATION (Notification_ID, User_ID, Message, Type, Is_read, Created_at) VALUES
(1, 25, 'Your order #12345 has been shipped.', 'Order Update', FALSE, '2024-11-25 14:30:00'),
(2, 1, 'Exclusive 50% off on electronics! Limited time only.', 'Promotional', TRUE, '2024-11-24 10:00:00'),
(3, 4, 'Your refund for order #54321 has been processed.', 'System', TRUE, '2024-11-26 16:45:00'),
(4, 7, 'Your payment for order #67890 failed. Please try again.', 'System', FALSE, '2024-11-27 08:00:00'),
(5, 12, 'Flash Sale! Up to 70% off on fashion.', 'Promotional', TRUE, '2024-11-25 09:15:00'),
(6, 29, 'Your package for order #98765 is out for delivery.', 'Order Update', FALSE, '2024-11-28 12:00:00'),
(7, 22, 'Password change requested. Was this you?', 'System', TRUE, '2024-11-29 18:00:00'),
(8, 26, 'Enjoy free shipping on orders above $50!', 'Promotional', FALSE, '2024-11-26 14:30:00'),
(9, 16, 'Order #34567 delivered successfully.', 'Order Update', TRUE, '2024-11-23 15:00:00'),
(10, 13, 'Your account has been successfully updated.', 'System', FALSE, '2024-11-29 10:45:00'),
(11, 6, 'Don’t miss out! Mega Sale ends tonight.', 'Promotional', FALSE, '2024-11-28 22:00:00'),
(12, 3, 'Your return request for order #11223 has been approved.', 'Order Update', TRUE, '2024-11-26 11:15:00'),
(13, 25, 'Order #22434 is delayed due to unforeseen circumstances.', 'Order Update', FALSE, '2024-11-27 16:30:00'),
(14, 3, 'Update your profile and enjoy a $5 welcome voucher!', 'Promotional', TRUE, '2024-11-20 12:00:00'),
(15, 5, 'Your refund for order #67899 is now complete.', 'System', TRUE, '2024-11-22 13:15:00'),
(16, 9, 'Your payment method has been successfully added.', 'System', FALSE, '2024-11-29 17:45:00'),
(17, 11, 'Your order #88900 has been canceled by the seller.', 'Order Update', TRUE, '2024-11-25 14:50:00'),
(18, 2, 'Special discount on kitchen appliances today only!', 'Promotional', TRUE, '2024-11-27 10:00:00'),
(19, 5, 'Your package for order #22334 is ready for pickup.', 'Order Update', FALSE, '2024-11-28 09:30:00'),
(20, 8, 'Your return request for order #77889 has been rejected.', 'System', TRUE, '2024-11-26 08:00:00'),
(21, 13, 'Order #33456 is being processed.', 'Order Update', FALSE, '2024-11-28 13:00:00'),
(22, 26, 'Add items to your cart and win exclusive vouchers!', 'Promotional', FALSE, '2024-11-28 18:30:00'),
(23, 28, 'Update: Shipping fees reduced for selected items.', 'System', TRUE, '2024-11-27 14:00:00'),
(24, 3, 'Order #77890 has been dispatched from the seller.', 'Order Update', FALSE, '2024-11-29 08:45:00'),
(25, 11, 'Your package for order #22987 is delayed due to high demand.', 'Order Update', FALSE, '2024-11-29 07:30:00'),
(26, 18, 'Redeem your free shipping voucher now!', 'Promotional', FALSE, '2024-11-27 09:15:00'),
(27, 20, 'Reminder: Complete your payment for order #11245.', 'System', TRUE, '2024-11-28 11:30:00'),
(28, 25, 'Your review for order #56788 has been approved and published.', 'System', TRUE, '2024-11-24 19:45:00'),
(29, 1, 'Item back in stock! Get it before it’s gone again.', 'Promotional', FALSE, '2024-11-29 12:00:00'),
(30, 4, 'Your payment for order #33478 is being verified.', 'System', FALSE, '2024-11-28 10:15:00');

CREATE TABLE SUPPORT_TICKET (
    Ticket_ID INT PRIMARY KEY,
    User_ID INT NOT NULL,
    `Issue_type` VARCHAR(30) NOT NULL,
    DESCRIPTION TEXT NOT NULL, 
    Status ENUM('Pending', 'In Progress', 'Resolved')  DEFAULT 'Pending',
    Created_at DATETIME DEFAULT CURRENT_TIMESTAMP,  
    Updated_at DATETIME  DEFAULT CURRENT_TIMESTAMP ON UPDATE CURRENT_TIMESTAMP
);
INSERT INTO SUPPORT_TICKET (Ticket_ID, User_ID, Issue_type, Description, Status, Created_at, Updated_at) VALUES
(1, 25, 'Payment', 'Payment failed during checkout; amount debited but order not placed.', 'Pending', '2024-11-25 14:23:45', '2024-11-25 14:23:45'),
(2, 3, 'Shipping', 'Package has not been delivered even after the delivery date.', 'In Progress', '2024-11-26 10:15:30', '2024-11-28 09:00:12'),
(3, 5, 'Defective Product', 'Received a defective mobile phone; screen cracked on arrival.', 'Resolved', '2024-11-20 08:45:00', '2024-11-22 11:30:00'),
(4, 9, 'Refund/Return Request', 'Refund request raised for an order canceled by the seller.', 'In Progress', '2024-11-27 13:50:20', '2024-11-29 15:00:45'),
(5, 11, 'Seller Communication', 'Seller not responding to inquiries about a product.', 'Pending', '2024-11-29 16:20:10', '2024-11-29 16:20:10'),
(6, 2, 'Wrong Item Delivered', 'Ordered a smartwatch but received a pair of headphones.', 'Resolved', '2024-11-15 11:12:00', '2024-11-16 14:45:00'),
(7, 5, 'Account Issue', 'Unable to log in to the Shopee app; account locked.', 'Pending', '2024-11-29 08:30:00', '2024-11-29 08:30:00'),
(8, 8, 'Voucher/Promo Issues', 'Unable to apply a promotional voucher during checkout.', 'Resolved', '2024-11-10 17:00:00', '2024-11-11 12:00:00'),
(9, 7, 'Shipping Fee Dispute', 'Charged a higher shipping fee than shown during checkout.', 'In Progress', '2024-11-28 09:30:00', '2024-11-29 11:15:00'),
(10, 12, 'Product Listing Error', 'Product listing shows incorrect price; seller claims it’s a technical error.', 'Pending', '2024-11-29 18:45:00', '2024-11-29 18:45:00'),
(11, 29, 'Payment', 'Double payment for the same order; seeking refund.', 'Resolved', '2024-11-23 14:12:30', '2024-11-24 09:00:00'),
(12, 22, 'Shipping', 'Package status stuck at "In Transit" for 7 days.', 'Pending', '2024-11-26 11:45:30', '2024-11-26 11:45:30'),
(13, 26, 'Refund/Return Request', 'Return rejected; seller claimed incorrect reason provided.', 'In Progress', '2024-11-24 16:30:00', '2024-11-27 14:45:00'),
(14, 16, 'Account Issue', 'Account suspended for unexplained reasons.', 'Pending', '2024-11-22 08:15:30', '2024-11-22 08:15:30'),
(15, 13, 'Shipping Fee Dispute', 'Delivery fee too high for the selected courier service.', 'Resolved', '2024-11-19 09:50:10', '2024-11-20 14:00:00'),
(16, 6, 'Defective Product', 'Purchased earbuds not functioning correctly; sound distorted.', 'In Progress', '2024-11-20 18:20:30', '2024-11-22 16:00:00'),
(17, 11, 'Seller Communication', 'Seller did not respond to a question about item availability.', 'Pending', '2024-11-25 12:10:00', '2024-11-25 12:10:00'),
(18, 3, 'Payment', 'Refund not processed even after 10 business days.', 'In Progress', '2024-11-22 14:00:00', '2024-11-28 10:00:00'),
(19, 8, 'Shipping', 'Tracking number invalid for the courier service.', 'Resolved', '2024-11-18 08:00:00', '2024-11-19 15:45:00'),
(20, 15, 'Defective Product', 'Laptop delivered has a broken screen and loose hinge.', 'Resolved', '2024-11-21 09:10:00', '2024-11-23 14:30:00'),
(21, 25, 'Refund/Return Request', 'Return approved, but seller did not accept the returned item.', 'Pending', '2024-11-27 11:30:45', '2024-11-27 11:30:45'),
(22, 3, 'Voucher/Promo Issues', 'Discount voucher not working despite being within validity date.', 'Resolved', '2024-11-10 15:45:00', '2024-11-12 12:00:00'),
(23, 5, 'Product Listing Error', 'Description of the product did not match the delivered item.', 'In Progress', '2024-11-23 13:00:00', '2024-11-29 12:15:00'),
(24, 9, 'Payment', 'Unable to select installment payment option during checkout.', 'Pending', '2024-11-28 10:00:00', '2024-11-28 10:00:00'),
(25, 11, 'Shipping', 'Courier canceled the delivery without providing any reason.', 'Resolved', '2024-11-19 11:45:00', '2024-11-21 17:30:00'),
(26, 8, 'Refund/Return Request', 'Item marked as returned, but refund not initiated by Shopee.', 'In Progress', '2024-11-28 15:30:00', '2024-11-29 13:00:00'),
(27, 13, 'Account Issue', 'Unable to change email address linked to the account.', 'Pending', '2024-11-27 17:10:00', '2024-11-27 17:10:00'),
(28, 26, 'Defective Product', 'Received a product with missing parts (e.g., no charger).', 'Resolved', '2024-11-18 16:45:00', '2024-11-20 10:30:00'),
(29, 28, 'Shipping Fee Dispute', 'Free shipping voucher not applied at checkout.', 'Resolved', '2024-11-26 13:30:00', '2024-11-27 09:15:00'),
(30, 3, 'Seller Communication', 'Seller canceled the order but did not provide an explanation.', 'Pending', '2024-11-29 19:20:00', '2024-11-29 19:20:00');

CREATE TABLE FEEDBACK (
    Feedback_id INT PRIMARY KEY,
    User_id INT NOT NULL,
    Rating DECIMAL(2, 1) NOT NULL,
    Comment TEXT,
    Created_at DATETIME DEFAULT CURRENT_TIMESTAMP
);
INSERT INTO FEEDBACK (Feedback_id, User_id, Rating, Comment, Created_at) VALUES
(1, 1, 5.0, 'Great quality! Fast delivery and excellent packaging.', '2024-11-01 09:30:00'),
(2, 2, 4.5, 'Product as described, but delivery was slightly delayed', '2024-11-02 06:00:00'),
(3, 8, 1.3, 'Received a defective item. Very disappointed.', '2024-11-03 08:20:00'),
(4, 11, 4.0, 'Good value for money, but there\'s room for improvement', '2024-11-04 11:00:00'),
(5, 13, 3.2, 'Item works fine, but the packaging was damaged.', '2024-11-05 12:40:00'),
(6, 16, 4.8, 'Great quality! Fast delivery and excellent packaging.', '2024-11-06 13:11:00'),
(7, 19, 4.5, 'Product as described, but delivery was slightly delayed', '2024-11-07 16:05:00'),
(8, 20, 2.0, 'Received a defective item. Very disappointed.', '2024-11-08 17:00:00'),
(9, 21, 4.0, 'Good value for money, but there\'s room for improvement', '2024-11-09 18:10:00'),
(10, 30, 5.0, 'Great quality! Fast delivery and excellent packaging.', '2024-11-10 19:35:00'),
(11, 1, 4.5, 'Product as described, but delivery was slightly delayed', '2024-11-11 20:15:00'),
(12, 2, 1.5, 'Received a defective item. Very disappointed.', '2024-11-12 20:45:00'),
(13, 8, 4.0, 'Good value for money, but there\'s room for improvement', '2024-11-13 21:20:00'),
(14, 11, 3.0, 'Item works fine, but the packaging was damaged.', '2024-11-14 22:18:00'),
(15, 13, 4.7, 'Product as described, but delivery was slightly delayed', '2024-11-15 07:00:00'),
(16, 16, 1.0, 'Received a defective item. Very disappointed.', '2024-11-16 07:37:00'),
(17, 19, 4.3, 'Good value for money, but there\'s room for improvement', '2024-11-17 08:39:00'),
(18, 20, 5.0, 'Great quality! Fast delivery and excellent packaging.', '2024-11-18 08:42:00'),
(19, 21, 4.5, 'Product as described, but delivery was slightly delayed', '2024-11-19 09:40:00'),
(20, 30, 2.0, 'Received a defective item. Very disappointed.', '2024-11-20 09:12:00'),
(21, 1, 4.0, 'Good value for money, but there\'s room for improvement', '2024-11-21 10:30:00'),
(22, 2, 3.4, 'Item works fine, but the packaging was damaged.', '2024-11-22 10:25:00'),
(23, 8, 4.9, 'Great quality! Fast delivery and excellent packaging.', '2024-11-23 11:16:00'),
(24, 11, 4.5, 'Product as described, but delivery was slightly delayed', '2024-11-24 11:24:00'),
(25, 13, 5.0, 'Great quality! Fast delivery and excellent packaging.', '2024-11-25 11:55:00'),
(26, 16, 4.7, 'Product as described, but delivery was slightly delayed', '2024-11-26 12:08:00'),
(27, 19, 1.2, 'Received a defective item. Very disappointed.', '2024-11-27 12:22:00'),
(28, 20, 4.0, 'Good value for money, but there\'s room for improvement', '2024-11-28 12:34:00'),
(29, 21, 3.0, 'Item works fine, but the packaging was damaged.', '2024-11-29 12:44:00'),
(30, 30, 5.0, 'Great quality! Fast delivery and excellent packaging.', '2024-11-30 13:28:00'),
(31, 1, 4.6, 'Product as described, but delivery was slightly delayed', '2024-12-01 13:23:00'),
(32, 2, 1.6, 'Received a defective item. Very disappointed.', '2024-12-02 14:22:00'),
(33, 8, 4.0, 'Great quality! Fast delivery and excellent packaging.', '2024-12-03 14:47:00'),
(34, 11, 3.0, 'Product as described, but delivery was slightly delayed', '2024-12-04 15:52:00'),
(35, 13, 4.5, 'Received a defective item. Very disappointed.', '2024-12-05 15:38:00'),
(36, 16, 1.8, 'Good value for money, but there\'s room for improvement', '2024-12-06 16:17:00'),
(37, 19, 3.5, 'Item works fine, but the packaging was damaged.', '2024-12-07 16:26:00'),
(38, 20, 4.0, 'Product as described, but delivery was slightly delayed', '2024-12-08 15:32:00'),
(39, 21, 2.2, 'Received a defective item. Very disappointed.', '2024-12-09 16:17:00'),
(40, 30, 4.5, 'Good value for money, but there\'s room for improvement', '2024-12-09 19:39:00');

CREATE TABLE AGENT (
    Agent_id INT PRIMARY KEY,
    Agent_name VARCHAR(255) NOT NULL,
    Role VARCHAR(255) NOT NULL
);
INSERT INTO AGENT (Agent_id, Agent_name, Role) VALUES
(1, 'Alice Smith', 'Customer Support'),
(2, 'Bob Johnson', 'Technical Support'),
(3, 'Charlie Brown', 'Return Specialist'),
(4, 'David White', 'Customer Support'),
(5, 'Eva Green', 'Technical Support'),
(6, 'Grave Ivan', 'Return Specialist'),
(7, 'David Drone', 'Customer Support'),
(8, 'John Stone', 'Technical Support'),
(9, 'Walker Kyle', 'Return Specialist'),
(10, 'Flower Brown', 'Customer Support'),
(11, 'Cris Brown', 'Technical Support'),
(12, 'Anna Smith', 'Customer Support'),
(13, 'Rooney Wayne', 'Customer Support'),
(14, 'Stone Lee', 'Technical Support'),
(15, 'Charlie Lee', 'Return Specialist'),
(16, 'Brew Grey', 'Customer Support'),
(17, 'Henny John', 'Technical Support'),
(18, 'Cris Tom', 'Customer Support'),
(19, 'Tom Mason', 'Technical Support'),
(20, 'Travis Nano', 'Return Specialist'),
(21, 'Dean Haris', 'Customer Support'),
(22, 'Anne Cris', 'Technical Support'),
(23, 'Jonny Hanny', 'Return Specialist'),
(24, 'Bank Brown', 'Technical Support'),
(25, 'Dennis Truffel', 'Customer Support'),
(26, 'Dean Mason', 'Technical Support'),
(27, 'Silicon Palmer', 'Return Specialist'),
(28, 'Cole Andrey', 'Technical Support'),
(29, 'Rashford May', 'Return Specialist'),
(30, 'Antony Andrey', 'Customer Support');
